Workbook

Sheet Data
A1: Week starting | B1: Month | C1: ISO week | D1: Demand index | E1: Demand level | F1: Report every (days) | G1: Reports per month | H1: Reports per week | I1: Bottles ordered | J1: Bottles ordered (lakh) | K1: Current practice (days)
A2: 46419 | B2: Feb 2027 | C2: 5 | D2: 0.363 | E2: =IF(D2>=0.85,"Peak",IF(D2>=0.65,"High",IF(D2>=0.5,"Medium","Low"))) -> Low | F2: =ROUND(MIN(Formula!$B$5,MAX(Formula!$B$4,Formula!$B$4*D2^(-Formula!$B$9))),1) -> 35 | G2: =ROUND(30/F2,1) -> 0.9 | H2: =ROUND(7/F2,2) -> 0.2 | I2: =ROUND(D2*Formula!$B$8,-3) -> 2732000 | J2: =ROUND(I2/100000,1) -> 27.3 | K2: 30
A3: 46426 | B3: Feb 2027 | C3: 6 | D3: 0.386 | E3: =IF(D3>=0.85,"Peak",IF(D3>=0.65,"High",IF(D3>=0.5,"Medium","Low"))) -> Low | F3: =ROUND(MIN(Formula!$B$5,MAX(Formula!$B$4,Formula!$B$4*D3^(-Formula!$B$9))),1) -> 32.6 | G3: =ROUND(30/F3,1) -> 0.9 | H3: =ROUND(7/F3,2) -> 0.21 | I3: =ROUND(D3*Formula!$B$8,-3) -> 2905000 | J3: =ROUND(I3/100000,1) -> 29.1 | K3: 30
A4: 46433 | B4: Feb 2027 | C4: 7 | D4: 0.414 | E4: =IF(D4>=0.85,"Peak",IF(D4>=0.65,"High",IF(D4>=0.5,"Medium","Low"))) -> Low | F4: =ROUND(MIN(Formula!$B$5,MAX(Formula!$B$4,Formula!$B$4*D4^(-Formula!$B$9))),1) -> 27.7 | G4: =ROUND(30/F4,1) -> 1.1 | H4: =ROUND(7/F4,2) -> 0.25 | I4: =ROUND(D4*Formula!$B$8,-3) -> 3116000 | J4: =ROUND(I4/100000,1) -> 31.2 | K4: 30
A5: 46440 | B5: Feb 2027 | C5: 8 | D5: 0.451 | E5: =IF(D5>=0.85,"Peak",IF(D5>=0.65,"High",IF(D5>=0.5,"Medium","Low"))) -> Low | F5: =ROUND(MIN(Formula!$B$5,MAX(Formula!$B$4,Formula!$B$4*D5^(-Formula!$B$9))),1) -> 22.6 | G5: =ROUND(30/F5,1) -> 1.3 | H5: =ROUND(7/F5,2) -> 0.31 | I5: =ROUND(D5*Formula!$B$8,-3) -> 3394000 | J5: =ROUND(I5/100000,1) -> 33.9 | K5: 30
A6: 46447 | B6: Mar 2027 | C6: 9 | D6: 0.493 | E6: =IF(D6>=0.85,"Peak",IF(D6>=0.65,"High",IF(D6>=0.5,"Medium","Low"))) -> Low | F6: =ROUND(MIN(Formula!$B$5,MAX(Formula!$B$4,Formula!$B$4*D6^(-Formula!$B$9))),1) -> 18.4 | G6: =ROUND(30/F6,1) -> 1.6 | H6: =ROUND(7/F6,2) -> 0.38 | I6: =ROUND(D6*Formula!$B$8,-3) -> 3710000 | J6: =ROUND(I6/100000,1) -> 37.1 | K6: 30
A7: 46454 | B7: Mar 2027 | C7: 10 | D7: 0.543 | E7: =IF(D7>=0.85,"Peak",IF(D7>=0.65,"High",IF(D7>=0.5,"Medium","Low"))) -> Medium | F7: =ROUND(MIN(Formula!$B$5,MAX(Formula!$B$4,Formula!$B$4*D7^(-Formula!$B$9))),1) -> 14.7 | G7: =ROUND(30/F7,1) -> 2 | H7: =ROUND(7/F7,2) -> 0.48 | I7: =ROUND(D7*Formula!$B$8,-3) -> 4087000 | J7: =ROUND(I7/100000,1) -> 40.9 | K7: 30
A8: 46461 | B8: Mar 2027 | C8: 11 | D8: 0.595 | E8: =IF(D8>=0.85,"Peak",IF(D8>=0.65,"High",IF(D8>=0.5,"Medium","Low"))) -> Medium | F8: =ROUND(MIN(Formula!$B$5,MAX(Formula!$B$4,Formula!$B$4*D8^(-Formula!$B$9))),1) -> 11.8 | G8: =ROUND(30/F8,1) -> 2.5 | H8: =ROUND(7/F8,2) -> 0.59 | I8: =ROUND(D8*Formula!$B$8,-3) -> 4478000 | J8: =ROUND(I8/100000,1) -> 44.8 | K8: 30
A9: 46468 | B9: Mar 2027 | C9: 12 | D9: 0.656 | E9: =IF(D9>=0.85,"Peak",IF(D9>=0.65,"High",IF(D9>=0.5,"Medium","Low"))) -> High | F9: =ROUND(MIN(Formula!$B$5,MAX(Formula!$B$4,Formula!$B$4*D9^(-Formula!$B$9))),1) -> 9.4 | G9: =ROUND(30/F9,1) -> 3.2 | H9: =ROUND(7/F9,2) -> 0.74 | I9: =ROUND(D9*Formula!$B$8,-3) -> 4937000 | J9: =ROUND(I9/100000,1) -> 49.4 | K9: 30
A10: 46475 | B10: Mar 2027 | C10: 13 | D10: 0.728 | E10: =IF(D10>=0.85,"Peak",IF(D10>=0.65,"High",IF(D10>=0.5,"Medium","Low"))) -> High | F10: =ROUND(MIN(Formula!$B$5,MAX(Formula!$B$4,Formula!$B$4*D10^(-Formula!$B$9))),1) -> 7.4 | G10: =ROUND(30/F10,1) -> 4.1 | H10: =ROUND(7/F10,2) -> 0.95 | I10: =ROUND(D10*Formula!$B$8,-3) -> 5479000 | J10: =ROUND(I10/100000,1) -> 54.8 | K10: 30
A11: 46482 | B11: Apr 2027 | C11: 14 | D11: 0.804 | E11: =IF(D11>=0.85,"Peak",IF(D11>=0.65,"High",IF(D11>=0.5,"Medium","Low"))) -> High | F11: =ROUND(MIN(Formula!$B$5,MAX(Formula!$B$4,Formula!$B$4*D11^(-Formula!$B$9))),1) -> 5.8 | G11: =ROUND(30/F11,1) -> 5.2 | H11: =ROUND(7/F11,2) -> 1.21 | I11: =ROUND(D11*Formula!$B$8,-3) -> 6051000 | J11: =ROUND(I11/100000,1) -> 60.5 | K11: 30
A12: 46489 | B12: Apr 2027 | C12: 15 | D12: 0.891 | E12: =IF(D12>=0.85,"Peak",IF(D12>=0.65,"High",IF(D12>=0.5,"Medium","Low"))) -> Peak | F12: =ROUND(MIN(Formula!$B$5,MAX(Formula!$B$4,Formula!$B$4*D12^(-Formula!$B$9))),1) -> 4.6 | G12: =ROUND(30/F12,1) -> 6.5 | H12: =ROUND(7/F12,2) -> 1.52 | I12: =ROUND(D12*Formula!$B$8,-3) -> 6706000 | J12: =ROUND(I12/100000,1) -> 67.1 | K12: 30
A13: 46496 | B13: Apr 2027 | C13: 16 | D13: 0.945 | E13: =IF(D13>=0.85,"Peak",IF(D13>=0.65,"High",IF(D13>=0.5,"Medium","Low"))) -> Peak | F13: =ROUND(MIN(Formula!$B$5,MAX(Formula!$B$4,Formula!$B$4*D13^(-Formula!$B$9))),1) -> 4 | G13: =ROUND(30/F13,1) -> 7.5 | H13: =ROUND(7/F13,2) -> 1.75 | I13: =ROUND(D13*Formula!$B$8,-3) -> 7112000 | J13: =ROUND(I13/100000,1) -> 71.1 | K13: 30
... A27: 46594 | B27: Jul 2027 | C27: 30 | D27: 0.53 | E27: =IF(D27>=0.85,"Peak",IF(D27>=0.65,"High",IF(D27>=0.5,"Medium","Low"))) -> Medium | F27: =ROUND(MIN(Formula!$B$5,MAX(Formula!$B$4,Formula!$B$4*D27^(-Formula!$B$9))),1) -> 15.5 | G27: =ROUND(30/F27,1) -> 1.9 | H27: =ROUND(7/F27,2) -> 0.45 | I27: =ROUND(D27*Formula!$B$8,-3) -> 3989000 | J27: =ROUND(I27/100000,1) -> 39.9 | K27: 30

Sheet Formula
A1: Sales reporting frequency: formula and inputs
A3: Input | B3: Value | C3: Name
A4: Reporting interval at peak demand (days) | B4: 3.5 | C4: R_peak
A5: Longest reporting interval allowed (days) | B5: 35 | C5: R_max
A6: Demand index that should give 30 days | B6: 0.4 | C6: d_ref
A7: Interval at that demand (days) | B7: 30 | C7: R_ref
A8: Peak-week bottles ordered, 2027 | B8: 7526000 | C8: Peak
A9: Exponent k = ln(R_ref / R_peak) / ln(1 / d_ref) | B9: =LN(B7/B4)/LN(1/B6) -> 2.3447082 | C9: k
A11: Reporting interval (days) = MIN( R_max , MAX( R_peak , R_peak × d ^ (−k) ) )
A12: d = weekly demand index (1.0 = the busiest week of the year).
A13: Reports per month = 30 ÷ interval. Reports per week = 7 ÷ interval.
A15: Where the numbers come from
A16: Demand index: 2024–25 weekly ordered demand averaged by week of the year, smoothed, divided by the peak week (week 20).
A17: Peak-week bottles: average of the 8 peak weeks of 2026 (67.4 lakh a week, including sales lost to stock-outs) × 1.116.
A18: 1.116 = next point on the logarithmic growth path 45% → 32% → 25% → 19% → 15% → 11.6%.
A19: 'Bottles ordered' means bottles, not the number of order documents (the case does not give an order size).
A20: Blue cells on the Formula sheet are inputs; change them and the Data sheet recalculates.
